{"cameraMode":{"drawMode":0,"name":"Shaded","section":"Shading Mode"},"sceneLighting":true,"audioPlay":false,"sceneViewState":{"showFog":false,"showMaterialUpdate":false,"showSkybox":false,"showFlares":false,"showImageEffects":false,"showParticleSystems":false},"in2DMode":false,"pivot":{"x":-0.661563515663147,"y":-1.1986756324768067,"z":4.643171310424805},"rotation":{"x":0.16894789040088654,"y":-0.02482703886926174,"z":0.004259027540683746,"w":0.9853399991989136},"size":20.310382843017579,"orthographic":false}